Timestamp,User Count,Type,Name,Requests/s,Failures/s,50%,66%,75%,80%,90%,95%,98%,99%,99.9%,99.99%,100%,Total Request Count,Total Failure Count,Total Median Response Time,Total Average Response Time,Total Min Response Time,Total Max Response Time,Total Average Content Size
1713841830,0,,Aggregated,0.000000,0.000000,N/A,N/A,N/A,N/A,N/A,N/A,N/A,N/A,N/A,N/A,N/A,0,0,0,0.0,0,0,0
1713841831,30,,Aggregated,0.000000,0.000000,N/A,N/A,N/A,N/A,N/A,N/A,N/A,N/A,N/A,N/A,N/A,0,0,0,0.0,0,0,0
1713841832,30,,Aggregated,0.000000,0.000000,N/A,N/A,N/A,N/A,N/A,N/A,N/A,N/A,N/A,N/A,N/A,0,0,0,0.0,0,0,0
1713841833,30,,Aggregated,0.000000,0.000000,N/A,N/A,N/A,N/A,N/A,N/A,N/A,N/A,N/A,N/A,N/A,0,0,0,0.0,0,0,0
1713841834,30,,Aggregated,0.000000,0.000000,N/A,N/A,N/A,N/A,N/A,N/A,N/A,N/A,N/A,N/A,N/A,0,0,0,0.0,0,0,0
1713841835,30,,Aggregated,0.000000,0.000000,N/A,N/A,N/A,N/A,N/A,N/A,N/A,N/A,N/A,N/A,N/A,0,0,0,0.0,0,0,0
1713841836,30,,Aggregated,0.000000,0.000000,N/A,N/A,N/A,N/A,N/A,N/A,N/A,N/A,N/A,N/A,N/A,0,0,0,0.0,0,0,0
1713841837,30,,Aggregated,0.000000,0.000000,N/A,N/A,N/A,N/A,N/A,N/A,N/A,N/A,N/A,N/A,N/A,0,0,0,0.0,0,0,0
1713841838,30,,Aggregated,0.000000,0.000000,7600,7600,7600,7600,7600,7600,7600,7600,7600,7600,7600,4,0,7500.0,7542.6784287556075,7393.6926270253025,7645.147547998931,0.0
1713841839,30,,Aggregated,0.000000,0.000000,8100,8100,8200,8300,8500,8800,8800,8800,8800,8800,8800,15,0,8100.0,8045.030285406392,7393.6926270253025,8833.027346001472,0.0
1713841840,30,,Aggregated,0.000000,0.000000,8200,8800,9300,9300,9500,9600,9600,9600,9600,9600,9600,22,0,8200.0,8475.289830639005,7393.6926270253025,9622.527421975974,0.0
1713841841,30,,Aggregated,1.333333,0.000000,9200,9500,10000,10000,10000,10000,10000,10000,10000,10000,10000,30,0,8800.0,8935.543893568683,7393.6926270253025,10413.670515001286,0.0
1713841842,30,,Aggregated,1.333333,0.000000,9200,9500,10000,10000,10000,10000,10000,10000,10000,10000,10000,30,0,8800.0,8935.543893568683,7393.6926270253025,10413.670515001286,0.0
1713841843,30,,Aggregated,1.333333,0.000000,9200,9500,10000,10000,10000,10000,10000,10000,10000,10000,10000,30,0,8800.0,8935.543893568683,7393.6926270253025,10413.670515001286,0.0
1713841844,30,,Aggregated,1.333333,0.000000,9200,9500,10000,10000,10000,10000,10000,10000,10000,10000,10000,30,0,8800.0,8935.543893568683,7393.6926270253025,10413.670515001286,0.0
1713841845,30,,Aggregated,3.000000,0.000000,8800,9500,10000,10000,10000,10000,10000,10000,10000,10000,10000,31,0,8800.0,8883.389324839827,7318.752262974158,10413.670515001286,0.0
1713841846,30,,Aggregated,3.000000,0.000000,8300,9300,9600,10000,10000,10000,10000,10000,10000,10000,10000,36,0,8200.0,8674.809548138808,6907.85069600679,10413.670515001286,0.0
1713841847,30,,Aggregated,3.000000,0.000000,8400,9300,9600,10000,10000,10000,10000,10000,10000,10000,10000,40,0,8300.0,8669.470739073586,6907.85069600679,10413.670515001286,0.0
1713841848,30,,Aggregated,3.300000,0.000000,8500,9200,9500,9600,10000,10000,10000,10000,10000,10000,10000,51,0,8500.0,8625.52682709693,6907.85069600679,10413.670515001286,0.0
1713841849,30,,Aggregated,3.700000,0.000000,8500,9100,9300,9500,10000,10000,10000,10000,10000,10000,10000,58,0,8500.0,8637.96541891121,6907.85069600679,10413.670515001286,0.0
1713841850,30,,Aggregated,4.400000,0.000000,8500,9100,9400,9500,10000,10000,10000,10000,10000,10000,10000,59,0,8500.0,8650.393722031336,6907.85069600679,10413.670515001286,0.0
1713841851,30,,Aggregated,4.400000,0.000000,8500,9200,9400,9600,10000,10000,10000,10000,10000,10000,10000,60,0,8500.0,8672.52933596416,6907.85069600679,10413.670515001286,0.0
1713841852,30,,Aggregated,4.400000,0.000000,8500,9200,9400,9600,10000,10000,10000,10000,10000,10000,10000,60,0,8500.0,8672.52933596416,6907.85069600679,10413.670515001286,0.0
1713841853,30,,Aggregated,3.100000,0.000000,8500,9200,9400,9500,10000,10000,10000,10000,10000,10000,10000,61,0,8500.0,8660.662422686639,6907.85069600679,10413.670515001286,0.0
1713841854,30,,Aggregated,3.000000,0.000000,8500,9100,9400,9500,10000,10000,10000,10000,10000,10000,10000,64,0,8400.0,8622.427578404313,6907.85069600679,10413.670515001286,0.0
1713841855,30,,Aggregated,3.000000,0.000000,8500,9200,9300,9500,10000,10000,10000,10000,10000,10000,10000,69,0,8500.0,8622.290700853742,6907.85069600679,10413.670515001286,0.0
1713841856,30,,Aggregated,3.100000,0.000000,8400,9000,9300,9500,10000,10000,10000,10000,10000,10000,10000,75,0,8400.0,8586.276014185665,6907.85069600679,10413.670515001286,0.0
1713841857,30,,Aggregated,3.400000,0.000000,8500,9000,9300,9400,10000,10000,10000,10000,10000,10000,10000,80,0,8400.0,8598.071559523669,6907.85069600679,10413.670515001286,0.0
1713841858,30,,Aggregated,3.700000,0.000000,8500,9100,9300,9400,10000,10000,10000,11000,11000,11000,11000,87,0,8500.0,8649.625626068171,6907.85069600679,10679.573232016992,0.0
1713841859,30,,Aggregated,3.800000,0.000000,8500,9100,9400,9500,10000,10000,10000,11000,11000,11000,11000,90,0,8500.0,8668.316248710551,6907.85069600679,10679.573232016992,0.0
1713841860,30,,Aggregated,3.800000,0.000000,8500,9100,9400,9500,10000,10000,10000,11000,11000,11000,11000,90,0,8500.0,8668.316248710551,6907.85069600679,10679.573232016992,0.0
1713841861,30,,Aggregated,3.800000,0.000000,8500,9100,9400,9500,10000,10000,10000,11000,11000,11000,11000,90,0,8500.0,8668.316248710551,6907.85069600679,10679.573232016992,0.0
1713841862,30,,Aggregated,3.200000,0.000000,8500,9100,9300,9500,10000,10000,10000,11000,11000,11000,11000,94,0,8500.0,8633.349987563053,6907.85069600679,10679.573232016992,0.0
1713841863,30,,Aggregated,3.000000,0.000000,8400,9000,9300,9400,10000,10000,10000,11000,11000,11000,11000,99,0,8400.0,8592.888315635113,6907.85069600679,10679.573232016992,0.0
1713841864,30,,Aggregated,3.300000,0.000000,8400,8900,9300,9400,10000,10000,10000,10000,11000,11000,11000,104,0,8400.0,8539.706538739734,6907.85069600679,10679.573232016992,0.0
1713841865,30,,Aggregated,3.600000,0.000000,8400,8900,9200,9400,10000,10000,10000,10000,11000,11000,11000,113,0,8400.0,8518.76762905261,6639.125174027868,10679.573232016992,0.0
1713841866,30,,Aggregated,3.800000,0.000000,8400,8900,9200,9400,10000,10000,10000,10000,11000,11000,11000,115,0,8400.0,8513.030004886019,6639.125174027868,10679.573232016992,0.0
1713841867,30,,Aggregated,4.300000,0.000000,8400,8900,9200,9400,10000,10000,10000,10000,11000,11000,11000,120,0,8400.0,8506.10523876579,6639.125174027868,10679.573232016992,0.0
1713841868,30,,Aggregated,4.300000,0.000000,8400,8900,9200,9400,10000,10000,10000,10000,11000,11000,11000,120,0,8400.0,8506.10523876579,6639.125174027868,10679.573232016992,0.0
1713841869,30,,Aggregated,4.300000,0.000000,8400,8800,9200,9400,9700,10000,10000,10000,11000,11000,11000,121,0,8400.0,8498.81580546989,6639.125174027868,10679.573232016992,0.0
1713841870,30,,Aggregated,3.700000,0.000000,8400,8800,9200,9400,9700,10000,10000,10000,11000,11000,11000,124,0,8400.0,8484.277694441957,6639.125174027868,10679.573232016992,0.0
1713841871,30,,Aggregated,3.100000,0.000000,8400,8800,9200,9300,9700,10000,10000,10000,11000,11000,11000,127,0,8400.0,8474.82230662832,6639.125174027868,10679.573232016992,0.0
1713841872,30,,Aggregated,3.200000,0.000000,8400,8800,9100,9300,9600,10000,10000,10000,11000,11000,11000,134,0,8300.0,8456.453603579846,6639.125174027868,10679.573232016992,0.0
1713841873,30,,Aggregated,3.500000,0.000000,8400,8800,9100,9300,9600,10000,10000,10000,11000,11000,11000,139,0,8400.0,8446.603633019078,6639.125174027868,10679.573232016992,0.0
1713841874,30,,Aggregated,3.600000,0.000000,8400,8800,9100,9300,9600,10000,10000,10000,11000,11000,11000,145,0,8400.0,8456.630920321713,6639.125174027868,10679.573232016992,0.0
1713841875,30,,Aggregated,4.000000,0.000000,8400,8800,9100,9300,9600,10000,10000,10000,11000,11000,11000,146,0,8400.0,8456.446908949794,6639.125174027868,10679.573232016992,0.0
1713841876,30,,Aggregated,4.200000,0.000000,8400,8800,9100,9300,9600,10000,10000,10000,11000,11000,11000,150,0,8400.0,8468.499252291707,6639.125174027868,10679.573232016992,0.0
1713841877,30,,Aggregated,4.200000,0.000000,8400,8800,9100,9200,9600,10000,10000,10000,11000,11000,11000,151,0,8400.0,8461.158371998448,6639.125174027868,10679.573232016992,0.0
1713841878,30,,Aggregated,3.500000,0.000000,8400,8800,9100,9200,9600,10000,10000,10000,11000,11000,11000,154,0,8400.0,8448.832417719592,6639.125174027868,10679.573232016992,0.0
1713841879,30,,Aggregated,3.300000,0.000000,8400,8800,9100,9200,9600,10000,10000,10000,11000,11000,11000,157,0,8400.0,8444.908106272482,6639.125174027868,10679.573232016992,0.0
1713841880,30,,Aggregated,3.200000,0.000000,8400,8800,9000,9200,9600,10000,10000,10000,11000,11000,11000,162,0,8400.0,8434.404506590965,6593.327926995698,10679.573232016992,0.0
1713841881,30,,Aggregated,3.400000,0.000000,8400,8800,9000,9200,9600,10000,10000,10000,11000,11000,11000,168,0,8400.0,8424.95402687304,6593.327926995698,10679.573232016992,0.0
1713841882,30,,Aggregated,3.500000,0.000000,8400,8800,9000,9200,9600,10000,10000,10000,11000,11000,11000,172,0,8400.0,8432.987294509076,6593.327926995698,10679.573232016992,0.0
1713841883,30,,Aggregated,3.800000,0.000000,8400,8800,9000,9100,9600,10000,10000,10000,11000,11000,11000,178,0,8400.0,8429.397332182827,6593.327926995698,10679.573232016992,0.0
1713841884,30,,Aggregated,3.900000,0.000000,8400,8700,9000,9100,9600,10000,10000,10000,11000,11000,11000,180,0,8400.0,8426.529973875344,6593.327926995698,10679.573232016992,0.0
1713841885,30,,Aggregated,3.700000,0.000000,8400,8700,8900,9100,9600,10000,10000,10000,11000,11000,11000,181,0,8400.0,8425.636157831781,6593.327926995698,10679.573232016992,0.0
1713841886,30,,Aggregated,3.700000,0.000000,8400,8700,8900,9100,9600,10000,10000,10000,11000,11000,11000,184,0,8400.0,8415.132798834353,6593.327926995698,10679.573232016992,0.0
1713841887,30,,Aggregated,3.500000,0.000000,8400,8700,8900,9100,9600,10000,10000,10000,11000,11000,11000,187,0,8400.0,8405.74945412037,6593.327926995698,10679.573232016992,0.0
1713841888,30,,Aggregated,3.200000,0.000000,8400,8700,8900,9100,9600,10000,10000,10000,11000,11000,11000,190,0,8300.0,8400.779797444671,6593.327926995698,10679.573232016992,0.0
1713841889,30,,Aggregated,3.400000,0.000000,8400,8700,8900,9100,9600,10000,10000,10000,11000,11000,11000,195,0,8400.0,8409.456517018723,6593.327926995698,10679.573232016992,0.0
1713841890,30,,Aggregated,3.500000,0.000000,8400,8700,8900,9100,9600,10000,10000,10000,11000,11000,11000,200,0,8400.0,8405.556069642771,6593.327926995698,10679.573232016992,0.0
1713841891,30,,Aggregated,3.600000,0.000000,8400,8700,8900,9100,9500,10000,10000,10000,11000,11000,11000,205,0,8400.0,8411.314638850858,6593.327926995698,10679.573232016992,0.0
1713841892,30,,Aggregated,3.800000,0.000000,8400,8700,8900,9100,9500,10000,10000,10000,11000,11000,11000,209,0,8400.0,8409.271412629036,6593.327926995698,10679.573232016992,0.0
1713841893,30,,Aggregated,4.000000,0.000000,8400,8700,8900,9100,9500,10000,10000,10000,11000,11000,11000,210,0,8400.0,8411.480545759523,6593.327926995698,10679.573232016992,0.0
1713841894,30,,Aggregated,4.000000,0.000000,8400,8700,8900,9100,9500,10000,10000,10000,11000,11000,11000,212,0,8400.0,8402.97925618163,6593.327926995698,10679.573232016992,0.0
1713841895,30,,Aggregated,3.600000,0.000000,8400,8700,8900,9100,9500,10000,10000,10000,11000,11000,11000,216,0,8400.0,8409.910386595046,6593.327926995698,10679.573232016992,0.0
1713841896,30,,Aggregated,3.300000,0.000000,8400,8700,8900,9100,9500,10000,10000,10000,11000,11000,11000,217,0,8400.0,8407.927474315753,6593.327926995698,10679.573232016992,0.0
1713841897,30,,Aggregated,3.400000,0.000000,8400,8700,8900,9100,9500,10000,10000,10000,11000,11000,11000,224,0,8400.0,8400.672250092091,6593.327926995698,10679.573232016992,0.0
1713841898,30,,Aggregated,3.500000,0.000000,8400,8700,8900,9100,9500,10000,10000,10000,11000,11000,11000,228,0,8400.0,8390.665335050966,6593.327926995698,10679.573232016992,0.0
1713841899,30,,Aggregated,3.400000,0.000000,8400,8700,8900,9100,9500,10000,10000,10000,11000,11000,11000,233,0,8400.0,8403.060729311861,6593.327926995698,10679.573232016992,0.0
1713841900,30,,Aggregated,3.700000,0.000000,8400,8800,8900,9100,9500,10000,10000,10000,11000,11000,11000,238,0,8400.0,8407.724260595165,6593.327926995698,10679.573232016992,0.0
1713841901,30,,Aggregated,3.900000,0.000000,8400,8800,8900,9100,9500,10000,10000,10000,11000,11000,11000,239,0,8400.0,8410.736249960963,6593.327926995698,10679.573232016992,0.0
1713841902,30,,Aggregated,3.900000,0.000000,8400,8800,8900,9100,9500,9900,10000,10000,11000,11000,11000,242,0,8400.0,8413.920705457082,6593.327926995698,10679.573232016992,0.0
1713841903,30,,Aggregated,3.500000,0.000000,8400,8800,8900,9100,9500,9900,10000,10000,11000,11000,11000,246,0,8400.0,8412.94798006756,6593.327926995698,10679.573232016992,0.0
1713841904,30,,Aggregated,3.100000,0.000000,8400,8800,8900,9100,9500,9900,10000,10000,11000,11000,11000,248,0,8400.0,8403.856813575041,6593.327926995698,10679.573232016992,0.0
1713841905,30,,Aggregated,3.300000,0.000000,8400,8700,8900,9100,9500,9900,10000,10000,11000,11000,11000,251,0,8400.0,8400.908774360958,6593.327926995698,10679.573232016992,0.0
1713841906,30,,Aggregated,3.500000,0.000000,8400,8700,8900,9100,9500,9900,10000,10000,11000,11000,11000,255,0,8400.0,8396.444503319743,6593.327926995698,10679.573232016992,0.0
1713841907,30,,Aggregated,3.400000,0.000000,8400,8700,8900,9000,9500,9900,10000,10000,11000,11000,11000,260,0,8400.0,8387.949809721053,6593.327926995698,10679.573232016992,0.0
1713841908,30,,Aggregated,3.600000,0.000000,8400,8700,8900,9000,9500,10000,10000,10000,11000,11000,11000,266,0,8400.0,8399.800128516823,6593.327926995698,10679.573232016992,0.0
1713841909,30,,Aggregated,3.700000,0.000000,8400,8700,8900,9100,9500,10000,10000,11000,11000,11000,11000,269,0,8400.0,8410.57823008713,6593.327926995698,10709.002069954295,0.0
1713841910,30,,Aggregated,3.800000,0.000000,8400,8700,8900,9000,9500,10000,10000,11000,11000,11000,11000,271,0,8400.0,8403.121042023653,6593.327926995698,10709.002069954295,0.0
1713841911,30,,Aggregated,3.900000,0.000000,8400,8700,8900,9000,9500,10000,10000,11000,11000,11000,11000,274,0,8400.0,8404.70260966558,6593.327926995698,10709.002069954295,0.0
1713841912,30,,Aggregated,3.600000,0.000000,8400,8700,8900,9000,9500,10000,10000,11000,11000,11000,11000,278,0,8400.0,8395.246840511967,6593.327926995698,10709.002069954295,0.0
1713841913,30,,Aggregated,3.300000,0.000000,8400,8700,8900,9000,9500,10000,10000,11000,11000,11000,11000,282,0,8400.0,8390.639384281705,6593.327926995698,10709.002069954295,0.0
1713841914,30,,Aggregated,3.500000,0.000000,8400,8700,8900,9000,9500,10000,10000,11000,11000,11000,11000,286,0,8400.0,8374.448733791787,6593.327926995698,10709.002069954295,0.0
1713841915,30,,Aggregated,3.900000,0.000000,8400,8700,8900,9000,9500,10000,10000,11000,11000,11000,11000,290,0,8400.0,8376.265684850032,6593.327926995698,10709.002069954295,0.0
1713841916,30,,Aggregated,3.600000,0.000000,8400,8700,8900,9000,9500,10000,10000,11000,11000,11000,11000,292,0,8400.0,8370.520978844494,6593.327926995698,10709.002069954295,0.0
1713841917,30,,Aggregated,3.600000,0.000000,8400,8700,8900,9000,9500,10000,10000,11000,11000,11000,11000,295,0,8400.0,8373.114665161022,6593.327926995698,10709.002069954295,0.0
1713841918,30,,Aggregated,3.900000,0.000000,8400,8700,8900,9000,9500,10000,10000,10000,11000,11000,11000,301,0,8400.0,8387.302501174116,6593.327926995698,10709.002069954295,0.0
1713841919,30,,Aggregated,3.900000,0.000000,8400,8700,8900,9000,9500,10000,10000,10000,11000,11000,11000,303,0,8400.0,8382.491357139852,6593.327926995698,10709.002069954295,0.0
1713841920,30,,Aggregated,3.500000,0.000000,8400,8700,8900,9000,9500,10000,10000,10000,11000,11000,11000,308,0,8400.0,8375.646137403757,6593.327926995698,10709.002069954295,0.0
1713841921,30,,Aggregated,3.300000,0.000000,8400,8700,8900,9000,9500,10000,10000,10000,11000,11000,11000,311,0,8400.0,8376.16822013588,6593.327926995698,10709.002069954295,0.0
1713841922,30,,Aggregated,3.500000,0.000000,8400,8700,8900,9000,9500,10000,10000,10000,11000,11000,11000,316,0,8400.0,8369.711478234893,6593.327926995698,10709.002069954295,0.0
1713841923,30,,Aggregated,3.900000,0.000000,8400,8700,8900,9000,9500,10000,10000,10000,11000,11000,11000,319,0,8400.0,8369.203915138733,6593.327926995698,10709.002069954295,0.0
1713841924,30,,Aggregated,3.900000,0.000000,8300,8700,8900,9000,9500,9900,10000,10000,11000,11000,11000,323,0,8300.0,8364.752635034667,6593.327926995698,10709.002069954295,0.0
1713841925,30,,Aggregated,3.600000,0.000000,8300,8700,8900,9000,9500,9900,10000,10000,11000,11000,11000,328,0,8300.0,8353.7102578298,6593.327926995698,10709.002069954295,0.0
1713841926,30,,Aggregated,3.800000,0.000000,8300,8700,8900,9000,9500,9900,10000,10000,11000,11000,11000,330,0,8300.0,8349.536687488293,6593.327926995698,10709.002069954295,0.0
1713841927,30,,Aggregated,3.500000,0.000000,8300,8700,8900,9000,9400,9900,10000,10000,11000,11000,11000,335,0,8300.0,8339.523904248133,6593.327926995698,10709.002069954295,0.0
1713841928,30,,Aggregated,3.800000,0.000000,8300,8700,8900,9000,9500,10000,10000,10000,11000,11000,11000,339,0,8300.0,8342.752338044695,6593.327926995698,10709.002069954295,0.0
1713841929,30,,Aggregated,3.500000,0.000000,8300,8700,8900,8900,9400,9900,10000,10000,11000,11000,11000,341,0,8300.0,8339.088398097438,6593.327926995698,10709.002069954295,0.0
1713841930,30,,Aggregated,3.800000,0.000000,8300,8700,8900,9000,9400,9900,10000,10000,11000,11000,11000,344,0,8300.0,8340.728127355294,6593.327926995698,10709.002069954295,0.0
1713841931,30,,Aggregated,3.900000,0.000000,8300,8700,8900,8900,9400,9900,10000,10000,11000,11000,11000,347,0,8300.0,8338.234657931655,6593.327926995698,10709.002069954295,0.0
1713841932,30,,Aggregated,3.700000,0.000000,8300,8700,8900,9000,9500,10000,10000,10000,11000,11000,11000,351,0,8300.0,8346.103406040611,6593.327926995698,10709.002069954295,0.0
1713841933,30,,Aggregated,3.400000,0.000000,8300,8700,8900,9000,9500,10000,10000,10000,11000,11000,11000,356,0,8300.0,8345.014856048478,6593.327926995698,10709.002069954295,0.0
1713841934,30,,Aggregated,3.500000,0.000000,8300,8700,8900,9000,9500,10000,10000,10000,11000,11000,11000,359,0,8300.0,8352.130604081613,6593.327926995698,10709.002069954295,0.0
1713841935,30,,Aggregated,3.400000,0.000000,8300,8700,8900,9000,9500,10000,10000,10000,11000,11000,11000,364,0,8300.0,8345.153486594087,6593.327926995698,10709.002069954295,0.0
1713841936,30,,Aggregated,3.700000,0.000000,8300,8700,8900,9000,9500,10000,10000,10000,11000,11000,11000,367,0,8300.0,8343.134606469293,6593.327926995698,10709.002069954295,0.0
1713841937,30,,Aggregated,3.700000,0.000000,8300,8700,8900,8900,9500,10000,10000,10000,11000,11000,11000,371,0,8300.0,8344.300579197448,6593.327926995698,10709.002069954295,0.0
1713841938,30,,Aggregated,3.600000,0.000000,8300,8700,8900,8900,9500,10000,10000,10000,11000,11000,11000,372,0,8300.0,8344.643377546397,6593.327926995698,10709.002069954295,0.0
1713841939,30,,Aggregated,4.000000,0.000000,8300,8700,8900,8900,9500,10000,10000,10000,11000,11000,11000,376,0,8300.0,8340.509307838573,6593.327926995698,10709.002069954295,0.0
1713841940,30,,Aggregated,3.600000,0.000000,8300,8700,8900,8900,9500,10000,10000,10000,11000,11000,11000,379,0,8300.0,8338.004566293817,6593.327926995698,10709.002069954295,0.0
1713841941,30,,Aggregated,3.400000,0.000000,8300,8700,8900,9000,9500,9900,10000,10000,11000,11000,11000,385,0,8300.0,8339.994946497269,6593.327926995698,10709.002069954295,0.0
1713841942,30,,Aggregated,3.600000,0.000000,8300,8700,8900,9000,9500,9900,10000,10000,11000,11000,11000,388,0,8300.0,8343.201587472913,6593.327926995698,10709.002069954295,0.0
1713841943,30,,Aggregated,3.500000,0.000000,8300,8700,8900,8900,9500,9900,10000,10000,11000,11000,11000,393,0,8300.0,8339.09920145418,6593.327926995698,10709.002069954295,0.0
1713841944,30,,Aggregated,3.800000,0.000000,8300,8700,8900,8900,9500,9900,10000,10000,11000,11000,11000,397,0,8300.0,8337.651915666302,6593.327926995698,10709.002069954295,0.0
1713841945,30,,Aggregated,3.900000,0.000000,8300,8700,8900,8900,9500,9900,10000,10000,11000,11000,11000,400,0,8300.0,8339.84192695134,6593.327926995698,10709.002069954295,0.0
1713841946,30,,Aggregated,3.700000,0.000000,8300,8700,8900,8900,9400,9800,10000,10000,11000,11000,11000,401,0,8300.0,8338.594285350442,6593.327926995698,10709.002069954295,0.0
1713841947,30,,Aggregated,3.700000,0.000000,8300,8700,8900,8900,9500,9900,10000,10000,11000,11000,11000,406,0,8300.0,8340.59200111706,6593.327926995698,10709.002069954295,0.0
1713841948,30,,Aggregated,3.500000,0.000000,8300,8600,8800,8900,9500,9900,10000,10000,11000,11000,11000,409,0,8300.0,8336.838896348612,6593.327926995698,10709.002069954295,0.0
1713841949,30,,Aggregated,3.200000,0.000000,8300,8600,8800,8900,9400,9900,10000,10000,11000,11000,11000,415,0,8300.0,8333.709077232697,6593.327926995698,10709.002069954295,0.0
1713841950,30,,Aggregated,3.500000,0.000000,8300,8600,8900,8900,9400,9900,10000,10000,11000,11000,11000,419,0,8300.0,8332.89473173642,6593.327926995698,10709.002069954295,0.0
1713841951,30,,Aggregated,3.600000,0.000000,8300,8600,8800,8900,9400,9800,10000,10000,11000,11000,11000,422,0,8300.0,8332.367057617426,6593.327926995698,10709.002069954295,0.0
1713841952,30,,Aggregated,3.700000,0.000000,8300,8600,8800,8900,9400,9800,10000,10000,11000,11000,11000,427,0,8300.0,8328.782403097457,6593.327926995698,10709.002069954295,0.0
1713841953,30,,Aggregated,4.100000,0.000000,8300,8600,8800,8900,9400,9800,10000,10000,11000,11000,11000,428,0,8300.0,8327.7314909127,6593.327926995698,10709.002069954295,0.0
1713841954,30,,Aggregated,3.600000,0.000000,8300,8600,8900,8900,9400,9800,10000,10000,11000,11000,11000,432,0,8300.0,8330.954882742204,6593.327926995698,10709.002069954295,0.0
1713841955,30,,Aggregated,3.700000,0.000000,8300,8600,8900,8900,9400,9800,10000,10000,11000,11000,11000,434,0,8300.0,8331.674631213456,6593.327926995698,10709.002069954295,0.0
1713841956,30,,Aggregated,3.400000,0.000000,8300,8600,8900,8900,9400,9800,10000,10000,11000,11000,11000,437,0,8300.0,8329.567184836525,6593.327926995698,10709.002069954295,0.0
1713841957,30,,Aggregated,3.500000,0.000000,8300,8600,8900,8900,9400,9800,10000,10000,11000,11000,11000,443,0,8300.0,8327.690428592612,6593.327926995698,10709.002069954295,0.0
1713841958,30,,Aggregated,3.600000,0.000000,8300,8600,8800,8900,9400,9800,10000,10000,11000,11000,11000,449,0,8300.0,8329.63980563809,6593.327926995698,10709.002069954295,0.0
1713841959,30,,Aggregated,3.500000,0.000000,8300,8600,8800,8900,9400,9800,10000,10000,11000,11000,11000,451,0,8300.0,8328.005896009914,6593.327926995698,10709.002069954295,0.0
1713841960,30,,Aggregated,3.800000,0.000000,8300,8600,8800,8900,9400,9800,10000,10000,11000,11000,11000,456,0,8300.0,8327.668439430821,6593.327926995698,10709.002069954295,0.0
1713841961,30,,Aggregated,3.900000,0.000000,8300,8600,8800,8900,9400,9800,10000,10000,11000,11000,11000,457,0,8300.0,8328.422029508676,6593.327926995698,10709.002069954295,0.0
1713841962,30,,Aggregated,3.700000,0.000000,8300,8600,8800,8900,9400,9800,10000,10000,11000,11000,11000,461,0,8300.0,8327.250435419579,6593.327926995698,10709.002069954295,0.0
1713841963,30,,Aggregated,3.600000,0.000000,8300,8600,8800,8900,9400,9800,10000,10000,11000,11000,11000,463,0,8300.0,8327.921863422165,6593.327926995698,10709.002069954295,0.0
1713841964,30,,Aggregated,3.500000,0.000000,8300,8600,8800,8900,9400,9800,10000,10000,11000,11000,11000,467,0,8300.0,8323.805359623952,6593.327926995698,10709.002069954295,0.0
1713841965,30,,Aggregated,3.400000,0.000000,8300,8600,8800,8900,9400,9800,10000,10000,11000,11000,11000,471,0,8300.0,8320.008977472158,6593.327926995698,10709.002069954295,0.0
1713841966,30,,Aggregated,3.600000,0.000000,8300,8600,8800,8900,9400,9800,10000,10000,11000,11000,11000,476,0,8300.0,8316.739485786564,6593.327926995698,10709.002069954295,0.0
1713841967,30,,Aggregated,3.800000,0.000000,8300,8600,8800,8900,9400,9800,10000,10000,11000,11000,11000,481,0,8300.0,8324.475535244115,6593.327926995698,10929.667813004926,0.0
1713841968,30,,Aggregated,3.500000,0.000000,8300,8600,8800,8900,9400,9800,10000,10000,11000,11000,11000,485,0,8300.0,8322.375628124495,6593.327926995698,10929.667813004926,0.0
1713841969,30,,Aggregated,4.000000,0.000000,8300,8600,8800,8900,9400,9800,10000,10000,11000,11000,11000,487,0,8300.0,8323.136407879585,6593.327926995698,10929.667813004926,0.0
1713841970,30,,Aggregated,3.700000,0.000000,8300,8600,8800,8900,9400,9800,10000,10000,11000,11000,11000,489,0,8300.0,8322.205942420047,6593.327926995698,10929.667813004926,0.0
1713841971,30,,Aggregated,3.600000,0.000000,8300,8600,8800,8900,9400,9800,10000,10000,11000,11000,11000,494,0,8200.0,8320.988846608147,6593.327926995698,10929.667813004926,0.0
1713841972,30,,Aggregated,3.500000,0.000000,8300,8600,8800,8900,9400,9800,10000,10000,11000,11000,11000,496,0,8200.0,8321.844842676177,6593.327926995698,10929.667813004926,0.0
1713841973,30,,Aggregated,3.300000,0.000000,8200,8600,8800,8900,9400,9800,10000,10000,11000,11000,11000,501,0,8200.0,8320.431030404074,6593.327926995698,10929.667813004926,0.0
1713841974,30,,Aggregated,3.700000,0.000000,8300,8600,8800,8900,9400,9800,10000,10000,11000,11000,11000,503,0,8300.0,8322.466433374582,6593.327926995698,10929.667813004926,0.0
1713841975,30,,Aggregated,3.500000,0.000000,8300,8600,8800,8900,9400,9800,10000,10000,11000,11000,11000,509,0,8300.0,8319.68995252938,6593.327926995698,10929.667813004926,0.0
1713841976,30,,Aggregated,3.800000,0.000000,8300,8600,8800,8900,9400,9800,10000,10000,11000,11000,11000,513,0,8300.0,8325.408151955911,6593.327926995698,10929.667813004926,0.0
1713841977,30,,Aggregated,3.400000,0.000000,8300,8600,8800,8900,9400,9800,10000,10000,11000,11000,11000,516,0,8300.0,8326.69773132641,6593.327926995698,10929.667813004926,0.0
1713841978,30,,Aggregated,3.800000,0.000000,8300,8600,8800,8900,9400,9800,10000,10000,11000,11000,11000,518,0,8300.0,8326.038271004674,6593.327926995698,10929.667813004926,0.0
1713841979,30,,Aggregated,3.600000,0.000000,8300,8600,8800,8900,9400,9800,10000,10000,11000,11000,11000,523,0,8300.0,8321.781067578208,6593.327926995698,10929.667813004926,0.0
1713841980,30,,Aggregated,3.600000,0.000000,8300,8600,8800,8900,9400,9800,10000,10000,11000,11000,11000,526,0,8300.0,8319.408068040779,6593.327926995698,10929.667813004926,0.0
1713841981,30,,Aggregated,3.500000,0.000000,8300,8600,8800,8900,9400,9800,10000,10000,11000,11000,11000,528,0,8300.0,8319.426225926938,6593.327926995698,10929.667813004926,0.0
1713841982,30,,Aggregated,3.700000,0.000000,8300,8600,8800,8900,9300,9800,10000,10000,11000,11000,11000,533,0,8300.0,8318.900710505372,6593.327926995698,10929.667813004926,0.0
1713841983,30,,Aggregated,3.700000,0.000000,8200,8600,8800,8900,9400,9800,10000,10000,11000,11000,11000,539,0,8200.0,8315.911726601913,6593.327926995698,10929.667813004926,0.0
1713841984,30,,Aggregated,3.500000,0.000000,8200,8600,8800,8900,9400,9800,10000,10000,11000,11000,11000,542,0,8200.0,8316.208695703723,6593.327926995698,10929.667813004926,0.0
1713841985,30,,Aggregated,3.900000,0.000000,8200,8600,8800,8900,9400,9800,10000,10000,11000,11000,11000,545,0,8200.0,8316.974572822937,6593.327926995698,10929.667813004926,0.0
1713841986,30,,Aggregated,3.700000,0.000000,8200,8600,8800,8900,9400,9800,10000,10000,11000,11000,11000,549,0,8200.0,8314.350075033732,6593.327926995698,10929.667813004926,0.0
1713841987,30,,Aggregated,3.900000,0.000000,8200,8600,8800,8900,9300,9800,10000,10000,11000,11000,11000,551,0,8200.0,8314.934654146122,6593.327926995698,10929.667813004926,0.0
1713841988,30,,Aggregated,3.700000,0.000000,8200,8600,8800,8900,9400,9800,10000,10000,11000,11000,11000,555,0,8200.0,8316.775102654961,6593.327926995698,10929.667813004926,0.0
1713841989,30,,Aggregated,3.600000,0.000000,8200,8600,8800,8900,9400,9800,10000,10000,11000,11000,11000,557,0,8200.0,8316.597333412117,6593.327926995698,10929.667813004926,0.0
1713841990,30,,Aggregated,3.600000,0.000000,8200,8600,8800,8900,9300,9700,10000,10000,11000,11000,11000,561,0,8200.0,8314.953270344935,6593.327926995698,10929.667813004926,0.0
1713841991,30,,Aggregated,3.500000,0.000000,8200,8600,8800,8900,9400,9700,10000,10000,11000,11000,11000,567,0,8200.0,8315.1838972161,6593.327926995698,10929.667813004926,0.0
1713841992,30,,Aggregated,3.400000,0.000000,8300,8600,8800,8900,9300,9700,10000,10000,11000,11000,11000,571,0,8300.0,8315.912499909875,6593.327926995698,10929.667813004926,0.0
1713841993,30,,Aggregated,3.700000,0.000000,8300,8600,8800,8900,9300,9700,10000,10000,11000,11000,11000,575,0,8300.0,8313.064576390343,6593.327926995698,10929.667813004926,0.0
1713841994,30,,Aggregated,3.900000,0.000000,8300,8600,8800,8900,9300,9700,10000,10000,11000,11000,11000,578,0,8300.0,8313.552125812183,6593.327926995698,10929.667813004926,0.0
1713841995,30,,Aggregated,3.600000,0.000000,8300,8600,8800,8900,9300,9700,10000,10000,11000,11000,11000,582,0,8200.0,8309.301816263576,6593.327926995698,10929.667813004926,0.0
1713841996,30,,Aggregated,3.700000,0.000000,8300,8600,8800,8900,9300,9700,10000,10000,11000,11000,11000,585,0,8300.0,8312.22607492038,6593.327926995698,10929.667813004926,0.0
1713841997,30,,Aggregated,3.500000,0.000000,8200,8600,8800,8900,9300,9700,10000,10000,11000,11000,11000,587,0,8200.0,8309.363679085873,6593.327926995698,10929.667813004926,0.0
1713841998,30,,Aggregated,3.700000,0.000000,8200,8600,8800,8900,9300,9700,10000,10000,11000,11000,11000,589,0,8200.0,8309.102908102564,6593.327926995698,10929.667813004926,0.0
1713841999,30,,Aggregated,3.700000,0.000000,8300,8600,8800,8900,9300,9700,10000,10000,11000,11000,11000,593,0,8300.0,8311.397335059597,6593.327926995698,10929.667813004926,0.0
1713842000,30,,Aggregated,3.400000,0.000000,8300,8600,8800,8900,9300,9800,10000,10000,11000,11000,11000,599,0,8300.0,8313.340735264348,6593.327926995698,10929.667813004926,0.0
1713842001,30,,Aggregated,3.400000,0.000000,8300,8600,8800,8900,9400,9800,10000,10000,11000,11000,11000,604,0,8300.0,8318.801437737426,6593.327926995698,10929.667813004926,0.0
1713842002,30,,Aggregated,3.600000,0.000000,8300,8600,8800,8900,9400,9800,10000,10000,11000,11000,11000,607,0,8300.0,8318.588455971063,6593.327926995698,10929.667813004926,0.0
1713842003,30,,Aggregated,3.700000,0.000000,8300,8600,8800,8900,9400,9800,10000,10000,11000,11000,11000,610,0,8300.0,8319.269480815421,6593.327926995698,10929.667813004926,0.0
1713842004,30,,Aggregated,3.600000,0.000000,8300,8600,8800,8900,9400,9800,10000,10000,11000,11000,11000,614,0,8300.0,8320.121585323115,6593.327926995698,10929.667813004926,0.0
1713842005,30,,Aggregated,3.700000,0.000000,8300,8600,8800,8900,9400,9800,10000,10000,11000,11000,11000,616,0,8300.0,8322.58873094222,6593.327926995698,10929.667813004926,0.0
1713842006,30,,Aggregated,3.400000,0.000000,8300,8600,8800,8900,9400,9800,10000,10000,11000,11000,11000,617,0,8300.0,8325.481928315081,6593.327926995698,10929.667813004926,0.0
1713842007,30,,Aggregated,3.600000,0.000000,8300,8600,8800,8900,9400,9800,10000,10000,11000,11000,11000,619,0,8300.0,8326.223666419079,6593.327926995698,10929.667813004926,0.0
1713842008,30,,Aggregated,3.300000,0.000000,8300,8600,8800,8900,9400,9800,10000,10000,11000,11000,11000,625,0,8300.0,8326.639858115843,6593.327926995698,10929.667813004926,0.0
1713842009,30,,Aggregated,3.100000,0.000000,8300,8600,8800,8900,9400,9800,10000,10000,11000,11000,11000,633,0,8300.0,8330.340971285172,6593.327926995698,10929.667813004926,0.0
1713842010,30,,Aggregated,3.300000,0.000000,8300,8600,8800,8900,9400,9800,10000,10000,11000,11000,11000,637,0,8300.0,8328.71964714674,6593.327926995698,10929.667813004926,0.0
1713842011,30,,Aggregated,3.700000,0.000000,8300,8600,8800,8900,9400,9800,10000,10000,11000,11000,11000,639,0,8300.0,8328.491330435829,6593.327926995698,10929.667813004926,0.0
1713842012,30,,Aggregated,4.000000,0.000000,8300,8600,8800,8900,9400,9800,10000,10000,11000,11000,11000,643,0,8300.0,8329.645825377063,6593.327926995698,10929.667813004926,0.0
1713842013,30,,Aggregated,4.000000,0.000000,8300,8600,8800,8900,9400,9800,10000,10000,11000,11000,11000,644,0,8300.0,8329.516885853222,6593.327926995698,10929.667813004926,0.0
1713842014,30,,Aggregated,3.600000,0.000000,8300,8600,8800,8900,9400,9800,10000,10000,11000,11000,11000,647,0,8300.0,8330.000866946719,6593.327926995698,10929.667813004926,0.0
1713842015,30,,Aggregated,3.600000,0.000000,8300,8600,8800,8900,9400,9800,10000,10000,11000,11000,11000,650,0,8300.0,8326.015395077773,6593.327926995698,10929.667813004926,0.0
1713842016,30,,Aggregated,3.500000,0.000000,8300,8600,8800,8900,9400,9800,10000,10000,11000,11000,11000,655,0,8300.0,8322.921380626738,6593.327926995698,10929.667813004926,0.0
1713842017,30,,Aggregated,3.300000,0.000000,8300,8600,8800,8900,9400,9800,10000,10000,11000,11000,11000,661,0,8300.0,8323.42244695845,6593.327926995698,10929.667813004926,0.0
1713842018,30,,Aggregated,3.400000,0.000000,8300,8600,8800,8900,9400,9800,10000,10000,11000,11000,11000,665,0,8300.0,8323.7124357917,6593.327926995698,10929.667813004926,0.0
1713842019,30,,Aggregated,4.000000,0.000000,8300,8600,8800,8900,9400,9800,10000,10000,11000,11000,11000,667,0,8300.0,8324.39207387633,6593.327926995698,10929.667813004926,0.0
1713842020,30,,Aggregated,4.100000,0.000000,8300,8600,8800,8900,9400,9800,10000,10000,11000,11000,11000,670,0,8300.0,8325.912957456065,6593.327926995698,10929.667813004926,0.0
1713842021,30,,Aggregated,3.900000,0.000000,8300,8600,8800,8900,9400,9800,10000,10000,11000,11000,11000,673,0,8300.0,8327.464162751141,6593.327926995698,10929.667813004926,0.0
1713842022,30,,Aggregated,3.300000,0.000000,8300,8600,8800,8900,9400,9800,10000,10000,11000,11000,11000,677,0,8300.0,8328.248563508812,6593.327926995698,10929.667813004926,0.0
1713842023,30,,Aggregated,3.400000,0.000000,8300,8600,8800,8900,9400,9800,10000,10000,11000,11000,11000,681,0,8300.0,8324.726131257656,6593.327926995698,10929.667813004926,0.0
1713842024,30,,Aggregated,3.400000,0.000000,8300,8600,8800,8900,9400,9800,10000,10000,11000,11000,11000,684,0,8300.0,8324.587076189178,6593.327926995698,10929.667813004926,0.0
1713842025,30,,Aggregated,3.300000,0.000000,8300,8600,8800,8900,9400,9800,10000,10000,11000,11000,11000,691,0,8300.0,8323.95952322624,6593.327926995698,10929.667813004926,0.0
1713842026,30,,Aggregated,3.600000,0.000000,8300,8600,8800,8900,9400,9800,10000,10000,11000,11000,11000,696,0,8300.0,8323.495842865337,6593.327926995698,10929.667813004926,0.0
1713842027,30,,Aggregated,3.700000,0.000000,8300,8600,8800,8900,9400,9800,10000,10000,11000,11000,11000,697,0,8300.0,8323.21822029444,6593.327926995698,10929.667813004926,0.0
1713842028,30,,Aggregated,4.100000,0.000000,8300,8600,8800,8900,9400,9800,10000,10000,11000,11000,11000,699,0,8300.0,8321.597599149123,6593.327926995698,10929.667813004926,0.0
1713842029,30,,Aggregated,3.900000,0.000000,8300,8600,8800,8900,9300,9800,10000,10000,11000,11000,11000,702,0,8300.0,8321.379660169876,6593.327926995698,10929.667813004926,0.0
1713842030,30,,Aggregated,3.700000,0.000000,8300,8600,8800,8900,9300,9800,10000,10000,11000,11000,11000,706,0,8300.0,8317.226902099439,6593.327926995698,10929.667813004926,0.0
1713842031,30,,Aggregated,3.400000,0.000000,8300,8600,8800,8900,9400,9800,10000,10000,11000,11000,11000,709,0,8300.0,8319.899065733734,6593.327926995698,10929.667813004926,0.0
1713842032,30,,Aggregated,3.500000,0.000000,8300,8600,8800,8900,9400,9800,10000,10000,11000,11000,11000,715,0,8300.0,8318.123559481257,6593.327926995698,10929.667813004926,0.0
1713842033,30,,Aggregated,3.500000,0.000000,8300,8600,8800,8900,9400,9800,10000,10000,11000,11000,11000,719,0,8300.0,8318.106152015493,6593.327926995698,10929.667813004926,0.0
1713842034,30,,Aggregated,3.500000,0.000000,8300,8600,8800,8900,9300,9800,10000,10000,11000,11000,11000,721,0,8300.0,8319.481787557754,6593.327926995698,10929.667813004926,0.0
1713842035,30,,Aggregated,3.900000,0.000000,8300,8600,8800,8900,9300,9800,10000,10000,11000,11000,11000,727,0,8300.0,8319.033046730621,6593.327926995698,10929.667813004926,0.0
1713842036,30,,Aggregated,3.800000,0.000000,8300,8600,8800,8900,9300,9800,10000,10000,11000,11000,11000,729,0,8300.0,8319.024715895895,6593.327926995698,10929.667813004926,0.0
1713842037,30,,Aggregated,3.900000,0.000000,8300,8600,8800,8900,9300,9800,10000,10000,11000,11000,11000,732,0,8300.0,8317.965517008299,6593.327926995698,10929.667813004926,0.0
1713842038,30,,Aggregated,3.600000,0.000000,8300,8600,8800,8900,9300,9800,10000,10000,11000,11000,11000,736,0,8300.0,8314.654832478329,6593.327926995698,10929.667813004926,0.0
1713842039,30,,Aggregated,3.300000,0.000000,8300,8600,8800,8900,9300,9800,10000,10000,11000,11000,11000,741,0,8300.0,8312.8257028018,6593.327926995698,10929.667813004926,0.0
1713842040,30,,Aggregated,3.600000,0.000000,8300,8600,8800,8900,9300,9800,10000,10000,11000,11000,11000,743,0,8300.0,8312.641699655673,6593.327926995698,10929.667813004926,0.0
1713842041,30,,Aggregated,3.700000,0.000000,8300,8600,8800,8900,9300,9800,10000,10000,11000,11000,11000,746,0,8300.0,8312.14093299079,6593.327926995698,10929.667813004926,0.0
1713842042,30,,Aggregated,3.900000,0.000000,8300,8600,8800,8900,9300,9800,10000,10000,11000,11000,11000,752,0,8300.0,8311.628710030769,6593.327926995698,10929.667813004926,0.0
1713842043,30,,Aggregated,3.800000,0.000000,8300,8600,8800,8900,9300,9800,10000,10000,11000,11000,11000,756,0,8300.0,8312.741281255432,6593.327926995698,10929.667813004926,0.0
1713842044,30,,Aggregated,3.800000,0.000000,8300,8600,8800,8900,9300,9800,10000,10000,11000,11000,11000,758,0,8300.0,8314.054290244165,6593.327926995698,10929.667813004926,0.0
1713842045,30,,Aggregated,3.600000,0.000000,8300,8600,8800,8900,9300,9800,10000,10000,11000,11000,11000,761,0,8300.0,8311.84274720253,6593.327926995698,10929.667813004926,0.0
1713842046,30,,Aggregated,3.700000,0.000000,8300,8600,8800,8900,9300,9800,10000,10000,11000,11000,11000,765,0,8300.0,8313.41664042892,6593.327926995698,10929.667813004926,0.0
1713842047,30,,Aggregated,3.600000,0.000000,8300,8600,8800,8900,9300,9800,10000,10000,11000,11000,11000,768,0,8300.0,8313.427752026206,6593.327926995698,10929.667813004926,0.0
1713842048,30,,Aggregated,3.500000,0.000000,8300,8600,8800,8900,9300,9800,10000,10000,11000,11000,11000,773,0,8300.0,8313.2880827311,6593.327926995698,10929.667813004926,0.0
1713842049,30,,Aggregated,3.600000,0.000000,8300,8600,8800,8900,9300,9800,10000,10000,11000,11000,11000,777,0,8300.0,8306.649887352856,6563.555075961631,10929.667813004926,0.0
1713842050,30,,Aggregated,3.400000,0.000000,8300,8600,8800,8900,9300,9700,10000,10000,11000,11000,11000,781,0,8300.0,8308.551486050248,6563.555075961631,10929.667813004926,0.0
1713842051,30,,Aggregated,3.700000,0.000000,8300,8600,8800,8900,9300,9800,10000,10000,11000,11000,11000,785,0,8300.0,8308.239838702219,6563.555075961631,10929.667813004926,0.0
1713842052,30,,Aggregated,3.600000,0.000000,8300,8600,8800,8900,9300,9800,10000,10000,11000,11000,11000,788,0,8300.0,8308.719123670466,6563.555075961631,10929.667813004926,0.0
1713842053,30,,Aggregated,3.700000,0.000000,8300,8600,8800,8900,9300,9800,10000,10000,11000,11000,11000,790,0,8300.0,8307.993088343446,6563.555075961631,10929.667813004926,0.0
1713842054,30,,Aggregated,3.800000,0.000000,8300,8600,8800,8900,9300,9800,10000,10000,11000,11000,11000,794,0,8300.0,8307.99062127748,6563.555075961631,10929.667813004926,0.0
1713842055,30,,Aggregated,3.600000,0.000000,8300,8600,8800,8900,9300,9800,10000,10000,11000,11000,11000,798,0,8300.0,8307.638985094436,6563.555075961631,10929.667813004926,0.0
1713842056,30,,Aggregated,3.400000,0.000000,8300,8600,8800,8900,9300,9700,10000,10000,11000,11000,11000,801,0,8300.0,8306.36889593297,6563.555075961631,10929.667813004926,0.0
1713842057,30,,Aggregated,3.600000,0.000000,8300,8600,8800,8900,9300,9700,10000,10000,11000,11000,11000,805,0,8300.0,8307.288579502288,6563.555075961631,10929.667813004926,0.0
1713842058,30,,Aggregated,3.600000,0.000000,8300,8600,8800,8900,9300,9700,10000,10000,11000,11000,11000,812,0,8300.0,8305.141195569357,6563.555075961631,10929.667813004926,0.0
1713842059,30,,Aggregated,3.600000,0.000000,8300,8600,8800,8900,9300,9700,10000,10000,11000,11000,11000,814,0,8300.0,8305.4830641134,6563.555075961631,10929.667813004926,0.0
1713842060,30,,Aggregated,3.700000,0.000000,8300,8600,8800,8900,9300,9700,10000,10000,11000,11000,11000,818,0,8300.0,8306.387462325541,6563.555075961631,10929.667813004926,0.0
